{"cameraMode":{"drawMode":0,"name":"Shaded","section":"Shading Mode"},"sceneLighting":true,"audioPlay":false,"sceneViewState":{"m_AlwaysRefresh":false,"showFog":true,"showSkybox":true,"showFlares":true,"showImageEffects":true,"showParticleSystems":true,"showVisualEffectGraphs":true,"m_FxEnabled":true},"in2DMode":false,"pivot":{"x":22.274057388305665,"y":12.438590049743653,"z":13.078717231750489},"rotation":{"x":-0.0701695904135704,"y":0.4962325096130371,"z":0.04028749838471413,"w":0.8644209504127502},"size":17.17999267578125,"orthographic":false}