{"cameraMode":{"drawMode":0,"name":"Shaded","section":"Shading Mode"},"sceneLighting":false,"audioPlay":false,"sceneViewState":{"m_AlwaysRefresh":false,"showFog":true,"showSkybox":false,"showFlares":true,"showImageEffects":true,"showParticleSystems":true,"showVisualEffectGraphs":true,"m_FxEnabled":true},"in2DMode":false,"pivot":{"x":-4.087018013000488,"y":1.466160774230957,"z":-8.074917793273926},"rotation":{"x":0.025112943723797799,"y":-0.6851520538330078,"z":0.023645728826522828,"w":0.7275869846343994},"size":1.4355967044830323,"orthographic":false}